"suite_id","question","book_module","question_type","evidence_source","status","artifact_location","decision_reason","next_action","evidence_fragment","ledger_source_type","matched_file","strict_evidence_status","audit_note","score_terms_found","reference_terms_found","snippet"
"2024海淀一模","18(1)","选必一《当代国际政治与经济》","main","2024海淀一模细则.docx","included","选必一材料-触发-答题点总框架.md#6-便利中外人员往来","细则明确贸易投资便利化、全球资源要素、两种资源两个市场、高水平对外开放","none","2024海淀一模细则.docx","rubric","C:\Users\Administrator\Desktop\2024各区模拟题\2024各区一模\2024海淀一模\细则\2024海淀一模细则.docx","rubric-or-scoring-context","Can support hard rubric wording after separating scoring rules from answer prose.","细则|给分|不得分|得分|档|替代|分）","","化先行区、示范区的新图景。在分析与综合的对立统一中，把握各自发展特质，服务协同发展的战略大局，书写新篇章。 【细则】 1、强调分析的重要性 知识层面：综合指导下进行分析/分析是综合的前提（1分） 材料层面：各自的功能定位和特色优势/分别分析了三地特色（1分） 京津冀三省市从协同发展的战略大局出发，抓住主要矛盾，科学精准分析各自的功能定位和特色优势。 2、强调综合的重要性 知识层面：分析基础上进行综合/综合是分析的先导/（1分） 材料层面：共商合作大计，着力推动优势互补/强调整体发展（1分） 京津冀在分析各自优势基础上，整体把握区域差异，共商合作大计，着力推动优势互补，携手绘就中国式现代化先行区、示范区的新图景。 3 、强调辩证思维 知识层面：对立统一/相互结合/相反相成/分析为综合做准备，而综合的结果又指导人们继续对事物进行新的分析（1分） 材料层面：把握各自发展特质，协同发展（1分） 在分析与综合的对立统一中，把握各自发展特质，服务协同发展的战略大局，书写新篇章。 第三问答案17.（3） 政府用法治思维和法治方式履行职责, 打造引领首都新经济新业态发展的中坚力量，激发其创业创新热情。"
"2024丰台一模","20","选必一《当代国际政治与经济》","main","2024丰台一模细则.docx","included","选必一材料-触发-答题点总框架.md#7-供应链成为国际合作的共赢链","细则明确供应链国际合作、要素流动、资源配置、贸易投资自由化便利化、经济全球化活力","none","2024丰台一模细则.docx","rubric","C:\Users\Administrator\Desktop\2024各区模拟题\2024各区一模\2024丰台一模\细则\2024丰台一模细则.docx","rubric-or-scoring-context","Can support hard rubric wording after separating scoring rules from answer prose.","评分|细则|标准|每点|每个角度|替代|说明|赋分|分）","参考答案","丰台一模评分细则 2024.3.30 16.结合材料，运用《政治与法治》知识，谈谈新时代“四下基层”如何为社会主义现代化建设注入强劲动力。 参考答案： 中国共产党是中国特色社会主义事业的领导核心，“四下基层”是党坚持群众路线、密切联系群众的重要抓手，能为社会主义现代化建设注入强进动力。通过宣传，使党的路线、方针、政策直达基层，落地生根；党员和干部坚持人民至上，坚持实事求是、求真务实，定人基层，融入百姓，为群众办实事解难题。“四下基层”创新工作机制方法，起干部与群众之间的“连心桥”，既能有效促进党的路线、方针、政策贯彻落实，提高决策质量水平，又能畅通民意诉求通道，直抵民心，推动干部作风转变。 拓展答案： 促进治理能力、治理体系现代化，更好地履行政府职能，建设服务型政府，更好地维护人民群众的权利或利益，提高政府工作的效率，化解社会矛盾、促进社会和谐稳定。 评分标准说明： 共性角度：3分 “四下基层”创新工作机制方法（替代促进治理能力、治理体系现代化）（1分），发挥党的领导核心作用（1分），是党坚持群众路线、密切联系群众的重要抓手（替代贯彻群众观点、群众路线或以人民为中心）（1分），能为社会"
"2026门头沟一模","20","选必一《当代国际政治与经济》","main","2026门头沟一模细则.docx","included","选必一材料-触发-答题点总框架.md#8-海南自贸港封关制度型开放","混合经济题只迁入制度型开放、贸易自由化便利化、两个市场两种资源联动等国际经济链条","none","2026门头沟一模细则.docx","rubric","C:\Users\Administrator\Desktop\2026各区模拟题\2026各区一模\2026门头沟一模\细则\2026门头沟一模细则.docx","rubric-or-scoring-context","Can support hard rubric wording after separating scoring rules from answer prose.","细则|标准|给分|阅卷|说明|分）|分)","参考答案|示例","门头沟区2026年高三年级综合练习 思想政治 参考答案 2026.3 一、选择题。共15小题，每小题3分，共计45分。 二、非选择题。共6题，共55分。（考生答案，言之有理，酌情给分） 16．（8分） 从事物是变化发展的，矛盾双方对立统一，辩证否定观，联系的观点，中华优秀传统文化的特点，文化的功能，优秀传统文化的当代价值，文化自信，文化强国，传统文化的创造性转化和创新性发展等角度作答。 示例： 首先，事物是不断变化发展的，要用发展的观点看问题。永定河古渠作为文化载体如今仍在灌溉农田、生态补水，具有服务社会、推动发展的功能。永定河古渠作为中国优秀传统文化源远流长，具有突出的连续性、创新性，在当代依然具有很大价值。 其次，矛盾就是对立统一，要用一分为二的观点看问题，创造条件，化不利为有利。 人们积极申请使永定河古渠成功入选世界灌溉工程遗产名录，使之没有成为“沉睡的文物”，而是“奔流不息的活态遗产”，能够激发民族文化自信，有利于文化强国建设。 再次，坚持辩证否定观。辩证否定是联系的环节发展的环节，实质是扬弃。古渠保留了其核心的灌溉、防洪功能，又增加了生态补水等功能，实现了与时俱进的转型，体现"
"2025丰台一模","20","选必一《当代国际政治与经济》","main","2025丰台一模细则.docx","included","选必一材料-触发-答题点总框架.md#9-外商投资条例全球服务伙伴计划数据出境负面清单通关模式创新","细则明确便利贸易投资、外商投资、服务贸易、开放型经济；剔除纯必修二表述","none","2025丰台一模细则.docx","rubric","C:\Users\Administrator\Desktop\2025各区模拟题\2025各区一模\2025丰台一模\细则\2025丰台一模细则.docx","rubric-or-scoring-context","Can support hard rubric wording after separating scoring rules from answer prose.","评分|细则|标准|给分|不得分|得分|档|采意|替代|阅卷|说明|赋分|分）","参考答案|示例","丰台高三一模阅卷细则 2025.3 16.（6分）评分标准 | 可从践行社会主义核心价值观、传承中华优秀传统文化、坚持理想信念等角度作答。 | 参考示例： | 新时代家建设应锚定“根基之点”，坚持弘扬中华优秀传统文化，以中华传统美德中的孝老爱亲、团结和睦、诚信节俭等精神来涵养家风，发挥中华优秀传统文化的当代价值，筑牢家风的文化根基。 | 新时代家风建设应校准“时代之点”，融入爱国、敬业、诚信、友善等社会主义核心价值观，推动家风更具平等、民主、责任意识，丰富家风的时代内涵。 | 新时代家风建设应坚定理想信念，培养家国情怀，以中华民族精神和时代精神涵养家风，以家风促国风，实现家风建设和国家建设同频共振，助力建设中国式现代化、实现中华民族伟大复兴。 16题 评分标准说明： | 可从践行社会主义核心价值观、传承中华优秀传统文化（中华传统美德）、坚持理想信念（坚持马克思主义的指导）、坚持正确的价值观，做出正确的价值判断和价值选择、弘扬以爱国主义为核心民族精神和以改革创新为核心的时代精神、筑牢中华民族共同体意识、坚持习近平文化思想的指导、培养家国情怀等角度作答。知识角度多样，只要言之有理，论述逻辑"
"2024朝阳期中","20(3)","选必一《当代国际政治与经济》","main","2024.11期中政治朝阳评标docx.docx","included","选必一材料-触发-答题点总框架.md#10-数字贸易博览会数字平台全球数字贸易","评标明确经济全球化、开放型经济、全球投资贸易自由化便利化、两个资源两个市场","none","2024.11期中政治朝阳评标docx.docx","marking-report","C:\Users\Administrator\Desktop\2024各区模拟题\2024各区期中\2024朝阳期中\其他材料\2024.11期中政治朝阳评标2.docx","rubric-or-scoring-context","Can support hard rubric wording after separating scoring rules from answer prose.","评分|细则|标准|阅卷|说明|分）","参考答案","20241109高3阅卷总结16题组 范伟光组 2024.11.09 诊断导向：找准问题，对症改进，提高成绩！ 20241109高3阅卷总结17题 组 高捷组 2024.11.09 诊断导向：找准问题，对症改进，提高成绩！ 20241109高3阅卷总结18 任会波组 2024.11.09 诊断导向：找准问题，对症改进，提高成绩！ 20241109高3阅卷总结20（1）题组 李丽莲组 2024.11.09 诊断导向：找准问题，对症改进，提高成绩！ 20241109高3阅卷总结20（2）题组 汤桃玲组 2024.11.09 诊断导向：找准问题，对症改进，提高成绩！ 20241109高3阅卷总结20（3）题组 代超组 2024.11.09 诊断导向：找准问题，对症改进，提高成绩！ 20240708高2阅卷总结22题 赵晋组 2024.07.08 诊断导向：找准问题，对症改进，提高成绩！ 总结汇总人：范伟光 || 本组阅卷人：于静 张文勃 刘丽云 刘欣 郑文婧 阮箫 宋艳艳 || 平均分： 3.33 16.（8分） | 结合材料，运用历史唯物主义的相关知识，谈谈你对改革开放以来中国共产党十次三"
"2026东城一模","19(3)","选必一《当代国际政治与经济》","main","2026东城一模细则/19(3).pptx","included","选必一材料-触发-答题点总框架.md#11-未来产业国际科创合作产业链韧性","细则明确高水平对外开放与产业链韧性的关系；剔除纯国内科技产业表述","none","2026东城一模细则/19(3).pptx","rubric","C:\Users\Administrator\Desktop\2026各区模拟题\2026各区一模\2026东城一模\细则\2026东城一模细则\19（3）.pptx","rubric-or-scoring-context","Can support hard rubric wording after separating scoring rules from answer prose.","评分|细则|标准","","[ppt/slides/slide1.xml] 2025-2026B 东城高三政治综合练习（一） 主观题细则 2026.4 [ppt/slides/slide2.xml] 19 （ 3 ） 材料二 北京将前瞻布局 6G ，具身智能等未来产业赛道，力争在 "" 十五五 "" 末建成全球数字经济标杆城市，新兴产业高地和未来产业引领地。北京以 "" 两区 "" 建设 为抓手，推动 制度型开放 ，支持企业参与国际标准制定；举办世界级产业大会，在国际科创枢纽设立联络处。同时，依托智库和大数据平台研判全球产业链趋势，提前布局前沿领域；统筹科技与产业政策资源，支持龙头企业联合产业上下游，科研机构共建研发中心，强链补链，提升 产业链韧性 。 (3) 结合材料二，运用 《 当代国际政治与经济 》 知识，分析在推动未来产业中，北京是如何 统筹高水平对外开放与提升产业链韧性 之间关系的。 (8 分 ) 考查情境： 持续关注的重大议题 考查知识： 单元综合探究 能力要求： 自行建构答题逻辑→注重知识的结构化，增强思维的思辨性和深刻性。 [ppt/slides/slide3.xml] 19 题（ 3 ） 8 分 【评分"
"2025海淀二模","19","选必一《当代国际政治与经济》","main","2025海淀二模细则.docx","included","选必一材料-触发-答题点总框架.md#12-产业发展题中的国际市场国际资源","细则明确扩大国际市场和推进高水平对外开放；只提取国际经济部分","none","2025海淀二模细则.docx","rubric","C:\Users\Administrator\Desktop\2025各区模拟题\2025各区二模\2025海淀二模\细则\2025海淀二模细则.docx","rubric-or-scoring-context","Can support hard rubric wording after separating scoring rules from answer prose.","细则|给分|替代|分）|分)","","16题 17题 18题 1.回避 1分 2.被告...包装 1分 3.未经许可使用商标权/侵犯商标权((要和2对应)1分 4.……的材料/或书证、物证、证词类的例子 1分(要合理) 5.老字号 /知名度/无侵权(没有损害原告权益)/被告拥有的在先权利(要和4对应)1分 6.抢注/抢先注册/恶意注册/损害在先权利/用法条32条 1分 7.诚信/公平/守法和公序良俗/公序良俗 1分 8.市场秩序/营商环境/社会主义核心价值观/中华传统美德/公平竞争1分 9. 第一层 获得新知:学习了...法律知识/了解“行使权利有边界” 证据对诉讼得价值/了解法庭审理得内容和流程 第二层 感受公正:程序公正/结果公正/以事实为依据，法律为准绳/体现公正司法 第三层 体会价值:有利于维护老字号企业合法权益/有助于传承中华优秀传统美德/社会主义核心价值观/有助于维护良好市场秩序 备注:以上中三个层次4分，两个层次3分一个层次2分 19题 1、数字化/互联网/模式 1分 节约成本/便利交易/提高华农收入 1分 2、完善基础设施 /物流体系 1分 -扩大国际市场/推进高水平对外开放/落实开放发展理念1分 3、政府"
"2025西城一模","18","选必一《当代国际政治与经济》","main","2025西城一模细则.docx","included","选必一材料-触发-答题点总框架.md#12-产业发展题中的国际市场国际资源","细则明确内外联通、贸易便利化、国内国际两个市场两种资源联动、互利共赢；剔除供给侧改革等必修二内容","none","2025西城一模细则.docx","rubric","C:\Users\Administrator\Desktop\2025各区模拟题\2025各区一模\2025西城一模\细则\2025西城一模细则.docx","rubric-or-scoring-context","Can support hard rubric wording after separating scoring rules from answer prose.","细则|标准|给分|替代|说明|分）","","、增强文化自信。 认识具有前进性、上升性，在实践基础上不断发展，“校园诗经角”“设计诗经主题旅游线路”的持续行动，将短期研学成果转化为长期文化浸润和创新实践，进一步深化对中自身文化的理解，不忘本来，并以实际行动自觉弘扬和传承中华优秀传统文化（创造性转化创新性发展），延续民族文化血脉。 【细则】 哲学观点3 分 正确的认识对实践有指导作用/实践是认识指导下人有目的、有意识的活动；（以知导行） 实践决定认识（或来源/动力/标准/目的）；（亲身实践、检验深化知） 认识在实践的基础上不断深化/认识具有前进性上升性;（在实践基础上不断发展知、促进行） 文化分析3分 学习、了解中华优秀传统文化/优秀古典诗词文化/本民族文化等 （知） 深化对本民族文化的理解、增进文化认同 （情） 以实际行动自觉弘扬和传承中华优秀传统文化/促进文化创新/对创造性转化创新性发展 （行） 哲学观点和分析具有内在一致性，逻辑顺畅 1分 哲学原理不恰当，文化分析得当，给相应的分析分 17．（7分）可从追求认识的客观性、运用辩证思维方法、具有创新意识等角度作答。 如：角度1：追求认识的客观性 科学思维追求认识的客观性，要从实际"
"2025丰台二模","20","选必一《当代国际政治与经济》","main","2025丰台二模评标细则/20题.docx","included","选必一材料-触发-答题点总框架.md#1-百年变局地区动荡逆全球化治理赤字; #13-完善全球治理注入中国力量; #22-中国作为最大发展中国家国际政治经济格局重要力量","评标明确全球治理、中国身份、国际组织、联合国、人类命运共同体四角度","none","2025丰台二模评标细则/20题.docx","rubric","C:\Users\Administrator\Desktop\2025各区模拟题\2025各区二模\2025丰台二模\细则\2025丰台二模细则\2025丰台二模评标细则\20题.docx","rubric-or-scoring-context","Can support hard rubric wording after separating scoring rules from answer prose.","评分|标准|评标|阅卷|说明|分）|分)","","2025年5月高三二模 20题阅卷评标 || 2025年5月高三二模 20题阅卷评标 || 2025年5月高三二模 20题阅卷评标 || 2025年5月高三二模 20题阅卷评标 || 2025年5月高三二模 20题阅卷评标 || 2025年5月高三二模 20题阅卷评标 || || || 最高分：8 || 均分： || 均分： 题号+设问 || 20题. | 当今世界，全球治理体系与国际秩序变革加速推进。我们愿与各方一道，一以贯之以实际行动为完善全球治理注入中国力量。结合材料，运用《当代国际政治与经济》知识，谈谈你对“为完善全球治理注入中国力量”的理解。 || 20题. | 当今世界，全球治理体系与国际秩序变革加速推进。我们愿与各方一道，一以贯之以实际行动为完善全球治理注入中国力量。结合材料，运用《当代国际政治与经济》知识，谈谈你对“为完善全球治理注入中国力量”的理解。 || 20题. | 当今世界，全球治理体系与国际秩序变革加速推进。我们愿与各方一道，一以贯之以实际行动为完善全球治理注入中国力量。结合材料，运用《当代国际政治与经济》知识，谈谈你对“为完善全球治理注入中国力量”的理解。 "
"2026通州期末","20","选必一《当代国际政治与经济》","main","2026通州期末细则.pptx","included","选必一材料-触发-答题点总框架.md#1-百年变局地区动荡逆全球化治理赤字; #14-四大全球倡议全球治理倡议","细则明确全球治理倡议、联合国宪章、多边主义、公共产品","none","2026通州期末细则.pptx","rubric","C:\Users\Administrator\Desktop\2026各区模拟题\2026各区期末和期中\2026通州期末\细则\2026通州期末细则.pptx","rubric-or-scoring-context","Can support hard rubric wording after separating scoring rules from answer prose.","评分|细则|给分|赋分|分）|分)","","犯相关业主的合法权益。 范某阻碍加装电梯，所以范某侵犯了相关业主的合法权益。 ② 只有公示期间未收到异议，加装电梯才符合要求。 公示期内未收到异议，所以加装电梯符合要求。 （ 2 ） ① 推理正确。 （ 1 分） 该推理为充分条件假言推理，遵循“肯定前件，就能肯定后件”的规则。 （ 1 分） 大前提“如果阻碍加装电梯，就会侵犯相关业主的合法权益”，小前提肯定前件“范某阻碍加装电梯”，结论肯定后件“范某侵犯了相关业主的合法权益”， （ 1 分） 推理结构有效。 ② 推理错误。 （ 1 分） 该推理属于必要条件假言推理，遵循“否定前件必否定后件”“肯定后件必肯定前件”的规则。 （ 1 分） 材料中仅肯定前件“公示期内未收到异议”，就得出肯定后件“加装电梯符合要求”的结论， （ 1 分） 是错误的推理结构。（ 6 分） [ppt/slides/slide13.xml] 第一步该推理正确与否：错误 | 正确（ 1 分） 第二步理由（ 2 分 = 理论 1 分 + 分析材料 1 分） （ 1 ）写出 充分条件假言推理（ 1 分）或者有效式 ：肯定前件式 / 肯前肯后 / 如果肯定了假言判断的前件"
"2024朝阳二模","20","选必一《当代国际政治与经济》","main","2024朝阳二模细则.pdf","included","选必一材料-触发-答题点总框架.md#15-气候治理生态治理全球性风险","细则明确气候治理、平等开放合作共享、全球治理、人类命运共同体","none","2024朝阳二模细则.pdf","rubric","C:\Users\Administrator\Desktop\2024各区模拟题\2024各区二模\2024朝阳二模\细则\2024朝阳二模细则.pdf","rubric-or-scoring-context","Can support hard rubric wording after separating scoring rules from answer prose.","评分|细则|标准|给分|每个角度|采意|替代|阅卷|说明|分）","参考答案|答案示例|示例","[PAGE 1] 1 2024 年朝阳二模主观题阅卷总结 （1） 结合材料一，运用《经济与社会》知识，说明加快构建全国一体化算力网的重大意 义。（7 分） 参考答案： （1）有利于更好满足新兴产业和未来产业等各行业的计算需求，推动新质生产力加快发 展，在全球经济竞争中形成新优势。 （2） 有利于做强做优做大数字经济，为数字经济与实体经济深度融合提供强大支持，赋 能各行各业数字化转型升级，推进新型工业化，建设现代化产业体系。 （3） 有利于推动互联网、大数据等企业、产业从东部向西部流动，带动资金、人才、技 术等资源要素向西部流动，促进西部经济高质量发展，推进区域协调发展。 （4） 有利于实现数据资源要素互联互通，提高全国范围内数据资源的配置和利用效率。 评分细则 国际角度1.有利于更好满足新兴产业和未来产业等各行业的计算需求，推动新 质生产力加快发展，在全球经济竞争中形成新优势。（替换：深化供给侧结构性 改革、提高国际竞争力）（1+1 分） 产业角度2.有利于做强做优做大数字经济，为数字经济与实体经济深度融合提 供强大支持，赋能各行各业数字化转型升级，推进新型工业化，建设现代化产 业体系"
"2024丰台二模","19","选必一《当代国际政治与经济》","main","2024丰台二模细则.docx","included","选必一材料-触发-答题点总框架.md#15-气候治理生态治理全球性风险","细则明确中国作为负责任大国参与气候治理、南南合作、区域合作、构建人类命运共同体","none","2024丰台二模细则.docx","rubric","C:\Users\Administrator\Desktop\2024各区模拟题\2024各区二模\2024丰台二模\细则\2024丰台二模细则.docx","rubric-or-scoring-context","Can support hard rubric wording after separating scoring rules from answer prose.","评分|标准|给分|每个角度|替代|说明|赋分|分）|分)","参考答案","散与聚合、逆向等） 评分标准说明：基本按照参考的思维逻辑给分，略有变通。 亮明观点片面，1分；替代：不合理、不科学、不准确、错误等，根据后面论述适当给分； 合理性1分，包括：超前思维、科学思维的预测性等 不足之处1-2分，包括：看出了观点实际上为必要条件假言判断，给2分；只从口头语言或从充分条件假言判断去论述，给1分。没有论述不给分； 其他角度论证，最多2分。特别提醒，除了超前思维以外的发散聚合、逆向、联想等创新思维；或者包含综合分析、质量互变的辩证思维；具体问题具体分析、尊重客观规律、一切从实际出发等有道理都可以，（分析+论述=2分） 18(3).经过探究，同学们从《经济与社会》角度，对如何利用“冷资源”撬动“热经济”形成以下共识:_____________________。(8分) 参考答案： 利用“冷资源撬动“热经济”要坚持有效市场与有为政府相结合。充分发挥市场在资源配置中的决定性作用，以需求牵引供给，拉动冰雪产业发展，满足不同群体的消费需求；企业要面向市场，坚持创新发展，加大冰雪产业技术研发投入，提高竞争力。政府结合各地不同的自然禀赋，积极履行经济职能，制定冰雪产业发展规划，推"
"2025东城二模","20","选必一《当代国际政治与经济》","main","2025东城二模细则.pdf","included","选必一材料-触发-答题点总框架.md#2-和平与发展仍是时代主题; #16-同球共济共同应对全球问题","细则明确国际局势、共同利益、人类命运共同体、中国智慧中国方案","none","2025东城二模细则.pdf","rubric","C:\Users\Administrator\Desktop\2025各区模拟题\2025各区二模\2025东城二模\细则\2025东城二模细则.pdf","rubric-or-scoring-context","Can support hard rubric wording after separating scoring rules from answer prose.","标准|给分|不得分|得分|替代|说明|赋分|分）","参考答案","分） 构成要件替换：诬陷、捏造、造谣、诋毁、抹黑、不实信息；损害形象、损害该公司声誉； 邬某服务条款案例： ③体现的民法原则（1 分）： 公平原则（1 分） 可替换：诚信原则（1 分） ④典型意义：意义一条2 分，两条3 分： 第一条：维护消费者合法权益 第二条：规范格式条款的使用 如本题消费者权益和格式条款都没提到，提到规范商家经营给1 分。 （二）学生表现和问题 ①龙某为钱某文身案例（2 分）： 学生问题： 1. 把限制民事行为能力人说成：不完全民事行为能力人、部分民事行为能力人、半民事行 为能力人、限制民事权利能力人，不得分。（若说钱某不具备完全民事行为能力，给分了） 2. 用抄表格中已有材料的方式分析案件，如“龙某违反了守法和公序良俗原则、不规范经 营，侵犯了未成年人合法权益” ②杨某自媒体案例（2 分） 学生问题：不能用“侮辱、诽谤”“造成社会评价降低”等词汇提炼杨某做法，完全抄材料： “在没有事实依据的情况下…评价……造成严重负面影响”，不得要件的1 分。 ③体现的民法原则 学生问题： 将1/3 的同学不知道民法原则是什么，在自己编句子。 写自愿原则的很多。（格式条款中排斥"
"2026顺义一模","20","选必一《当代国际政治与经济》","main","2026顺义一模细则.pptx","included","选必一材料-触发-答题点总框架.md#2-和平与发展仍是时代主题; #5-共同利益是合作基础; #17-中非合作全球南方南南合作","细则明确共同利益、南南合作、国际政治与国际经济取点","none","2026顺义一模细则.pptx","rubric","C:\Users\Administrator\Desktop\2026各区模拟题\2026各区一模\2026顺义一模\细则\2026顺义一模细则.pptx","rubric-or-scoring-context","Can support hard rubric wording after separating scoring rules from answer prose.","评分|细则|标准|给分|评标|阅卷|分）","参考答案|示例","[ppt/slides/slide1.xml] 2026 年顺义一模考试题 1 2 3 4 5 B C C A D 6 7 8 9 10 A D A B B 11 12 13 14 15 D B C D C [ppt/slides/slide10.xml] 一、是什么：（ 2 分） “ 势 ” 是事物发展的 趋势和方向，具有客观规律性。 推进中国式现代化建设、实现中华民族伟大复兴进程中的 “ 势 ” 是历史发展的总趋势、时代前进的大方向 。 （一）哲学角度： 1. 客观性—— 2 分 （哲学） 主观能动性和客观规律相结合 / 社会存在和社会意识 / 实践和认识 / 科学思维的 特征 / 超前思维 （话题）充分调查研究，深刻洞察百年变局、民族复兴全局与中国特色社会主义发展大势，了解国情、世情、党情、社情、民情，制定正确的发展战略和规划，为推进中国式现代化建设，实现中华民族伟大复兴提供决策依据和实践遵循。 2. 辩证性—— 2 分 （哲学） 主次矛盾和矛盾主次方面辩关系要坚持两点论和重点论相结合。矛盾对立统一，要全面的、一分为二的看问题。 / 整体和部分、系统优化 / 前进性和曲折性 / "
"2025丰台期末","20","选必一《当代国际政治与经济》","main","2025丰台期末细则.pptx","included","选必一材料-触发-答题点总框架.md#5-共同利益是合作基础; #17-中非合作全球南方南南合作","细则明确和平与发展、共同利益、平等互利、共商共建共享、新型国际关系、人类命运共同体","none","2025丰台期末细则.pptx","rubric","C:\Users\Administrator\Desktop\2025各区模拟题\2025各区期末\2025丰台期末\细则\2025丰台期末细则.pptx","rubric-or-scoring-context","Can support hard rubric wording after separating scoring rules from answer prose.","评分|标准|给分|每点|每个角度|说明|分）","","参与城市建设。 [ppt/slides/slide18.xml] 评分标准说明： 1. 理论层面： 人民性是马克思主义的本质属性 / 人民群众是历史的创造者（ 1 分）可替换：群众观点，如党初心使命等类似表述。 全过程人民民主是社会主义民主政治的本质属性。（ 1 分）（不可替换。） 2. 贯穿主线层面： 以人民为中心的发展思想：“人民城市人民建，人民城市为人民”的理念凸显了以人民为中心的发展思想（ 1 分） 坚持发展为了人民、发展依靠人民、发展成果由人民共享。（ 1 分） 3. 目标层面： 建设人民城市要聚焦人民群众在经济、文化、民生等方面的急难愁盼问题，把人民对美好生活的向往作为奋斗目标。（ 1 分） 这一点要结合材料，提高群众获得感、参与感即可。 4. 途径层面： 人民群众可以通过民主决策、民主协商、民主监督等途径参与城市建设。（ 1 分）这一点要结合材料，体现群众参与即可。 （踩点和踩意相结合，有主谓宾、有结果，学生表达逻辑严谨准确、清晰可得每点满分，只有关键词，或者解释不严谨清晰的得 0 ～ 1 分） [ppt/slides/slide19.xml] 人民性是马克思主义的本质属"
"2025东城期末","20","选必一《当代国际政治与经济》","lecture-scoring","2025东城讲评 修改.pdf","included","选必一材料-触发-答题点总框架.md#18-反单边主义贸易保护主义逆全球化","讲评提供贸易保护主义、逆全球化、贸易自由便利等评分方向","none","2025东城讲评 修改.pdf","lecture-scoring","C:\Users\Administrator\Desktop\2025各区模拟题\2025各区期末\2025东城期末\其他材料\2025。1东城讲评 修改.pdf","rubric-or-scoring-context","Can support hard rubric wording after separating scoring rules from answer prose.","评分|细则|标准|不得分|得分|替代|阅卷|说明|分）|分)","","[PAGE 1] 2025.1东城期末讲评 [PAGE 3] 哲学题，要先好好审一下设问！ 是什么意思？ 为什么这么说（传统文化的影响）？ 我们该怎么做？（启示） [PAGE 4] • 16. 结合材料，运用《哲学与文化》知识，谈谈你对“器以述史、物以载道”的理解 • 答案细则：是什么？为什么？怎么做？三层 • 第一层：器物是中华文化的载体（器物是中华文化的体现/器物是中华传统工艺等）。2分 （只写文化载体没有分） • 第二层： • （事物是普遍联系的，）何尊展现了中华文化源远流长、博大精深/具有强大的凝聚力和连 续性是中华民族共同文化特质的体现/是中华文明具有统一性和连续性的重要见证。2分 • 有利于筑牢中华民族共同体意识/共同价值观/文化认同/共同精神标识。1分（强调共同） • 有利于我们/传承中华优秀文化/ 坚定文化自信/ 有利于提升民族自豪感、凝聚力。（本层 共1分，出1点即可） • （事物是变化发展的，通过器物何尊，我们可以了解到中国一词的产生与发展的历史，了解 中华文明发展的历史） • 第三层：我们要正确发挥主观能动性，提高对器物价值的认识，做好搜集、保护、研究工作。 2分"
"2025石景山一模","17(2)","选必一《当代国际政治与经济》","main","2025石景山一模细则.doc","included","选必一材料-触发-答题点总框架.md#19-北京宣言中国之治与世界共享","旧doc转换成功；细则明确共商共建共享、国际关系民主化、普惠包容经济全球化、真正多边主义、联合国核心体系","none","2025石景山一模细则.doc","rubric","C:\Users\Administrator\Desktop\2025各区模拟题\2025各区一模\2025石景山一模\细则\2025石景山一模细则.doc","rubric-or-scoring-context","Can support hard rubric wording after separating scoring rules from answer prose.","评分|细则|标准|采意|赋分|分）","答案示例|示例","2024—2025学年第二学期高三政治统一练习非选择题评分细则 16.（8分）任务类型：辨析与评价（哲学与文化相关知识+解析观点阐明中华优秀传统文化的特点和当代价值） 分项 评分细则（0—8分）  哲学与文化相关知识 采点与采意赋分相结合。 选用“联系观、发展观、矛盾观”等相关哲理，对“不数既往，不能知将来；不求远因，不能明近果。”进行观点解析，阐明中华优秀传统文化的特点和当代价值，哲学与文化知识运用适切且表述精准、观点分析准确且阐述清晰，得8分。 表意正确但欠规范，酌情减分；机械照抄情境材料或罗列哲理，最高得3分；回答错误、答非所问或没有应答，0分。  解析观点阐明中华优秀传统文化的特点和当代价值   答案示例： 中华优秀传统文化源远流长、博大精深，中华文明具有突出的连续性、创新性、统一性、包容性和和平性，为人类文明作出了重大贡献。观点揭示了既往与将来、远因与近果之间的内在联系，启示我们以史为鉴，增强文化自信，延续民族文化血脉，推动国家发展；坚定维护国家的安全和统一，促进民族团结，铸牢中华民族共同体意识；坚持走和平发展道路，同其他文明交流互鉴，推动建立新型国际关系，"
"2026石景山一模","20","选必一《当代国际政治与经济》","main","2026石景山一模细则.doc","included","选必一材料-触发-答题点总框架.md#20-亚太合作共同开放包容","旧doc转换成功；细则明确共同利益、开放型区域经济、多边主义、破除贸易壁垒、经济全球化包容发展","none","2026石景山一模细则.doc","rubric","C:\Users\Administrator\Desktop\2026各区模拟题\2026各区一模\2026石景山一模\细则\2026石景山一模细则.doc","rubric-or-scoring-context","Can support hard rubric wording after separating scoring rules from answer prose.","评分|给分|赋分|分）","示例","石景山区2026年高三统一练习 思想政治试卷答案及评分参考 第一部分共15题，每题3分，共45分。 1．B 2．D 3．A 4．C 5．D 6．D 7．C 8．D 9．A 10．D 11．B 12．C 13．C 14．C 15．B 第二部分共6题，共55分。 16．（8分） 一方面，充分发挥市场在资源配置中的决定性作用。/企业深度挖掘潜在市场需求（1分），以技术创新为动力（1分），拓展应用场景，促进产业转型升级/(替换:以信息化推动生产发展、推动生产方式变革)（1分），实现新需求牵引新供给、新供给创造新需求的良性循环（1分）。另一方面，更好发挥政府作用。/完善制度适配体系，/加强市场监管、安全监管，/规范市场秩序（2分）；实施相关产业政策，突破技术落地瓶颈，/统筹规划基础设施建设，促进新型消费业态健康有序发展（2分）。（能从“两只手”层面统筹答案的，可加1分，最高不超过8分） 17．（14分）运用2个及以上观点进行正确分析，可得6-8分；运用1个观点进行准确分析，可得4-5分；正确使用1个观点，可得1-3分。 （1）可从规律、联系、发展、矛盾、文化传承与创新等角度回答。（8分） 等级水"
"2026朝阳一模","20","选必一《当代国际政治与经济》","main","2026朝阳一模细则.docx","included","选必一材料-触发-答题点总框架.md#3-国际竞争科技竞争产业链供应链竞争; #21-中国为全球发展注入稳定性和正能量","细则明确产业链供应链稳定、中国经验、大国责任、两个市场两种资源、高水平对外开放、贸易投资自由化便利化","none","2026朝阳一模细则.docx","rubric","C:\Users\Administrator\Desktop\2026各区模拟题\2026各区一模\2026朝阳一模\细则\2026朝阳一模细则.docx","rubric-or-scoring-context","Can support hard rubric wording after separating scoring rules from answer prose.","细则|标准|给分|不得分|得分|替代|阅卷|说明|赋分|分）","答案示例|示例","北京市朝阳区2025-2026学年度第二学期一模质量监测 高三思想政治主观题阅卷细则 结合材料。运用《哲学与文化》知识，分析中国农历所蕴含的独特智慧。 （8分） 给分分值分配（共8分，建议答3-4个角度） 1. 必答角度（2个，共5分）： ①尊重客观规律与发挥主观能动性的辩证关系。3分（核心哲学考点） ——紧扣“独特智慧”（历法是人们认识自然界时间变化规律的智慧结晶） ②中华优秀传统文化的特点、价值，文化自信。2分（核心文化考点） ——紧扣“中国农历” 选答角度（共3分，哲学/文化任选，不重复给分）： 哲学类（认识论/实践与认识、联系观/系统优化、对立统一）；文化类（文化创新、文化的功能等）。每答对1个且结合材料，得2-3分，累计不超过3分。 注意：只写原理不结合材料，该知识点给1分，答案纯罗列知识的最高3分；只抄材料不写原理，该知识点不得分。 答案示例： 中国农历以日月运行的客观规律为基础，同时通过“十九年七闰”协调历法差异、创制二十四节气，发挥主观能动性认识和利用规律，实现了尊重客观规律与正确发挥主观能动性的统一。 农历将阳历与阴历有机结合，统筹天文、物候与农事安排，注重把握事物之"
"2024顺义二模","19(2)","选必一《当代国际政治与经济》","main","2024顺义思政二模细则.docx","included","选必一材料-触发-答题点总框架.md#3-国际竞争科技竞争产业链供应链竞争","细则明确国际竞争实质、综合国力、国家利益、国际话语权、世界多极化","none","2024顺义思政二模细则.docx","rubric","C:\Users\Administrator\Desktop\2024各区模拟题\2024各区二模\2024顺义思政二模\细则\2024顺义思政二模细则.docx","rubric-or-scoring-context","Can support hard rubric wording after separating scoring rules from answer prose.","标准|得分|分）","答案示例|示例","基本原理为指导，努力探索中国社会主义建设和改革特殊规律的过程，它体现了矛盾的普遍性与特殊性、共性与个性的具体的历史的统一。这些城市的先进经验为中国无废城市建设提供了宝贵的参考和借鉴，同时也展示了中国在环境保护和可持续发展领域取得的显著成就。 （2）答案示例 针对大拆大建追求光鲜亮丽的开发倾向，加剧固体废物的产生这一问题。住建委、规划委等相关部门在尊重城市建设发展规律的前提下，运用超前思维的矛盾分析法，做出科学的判断和预见，把固体废物资源化和清洁生产相结合，实现经济效益与社会效益相统一，推动“无废城市”建设。 （其他角度分析论证，言之有理，即可得分） 17．（7分） ①财产制度规范民事主体的财产关系，坚持物权平等保护原则，依法有效保护各种所有制经济组织和公民的财产权，确定财产归属，增强人民群众的财产财富安全感，增强社会信心，稳定市场主体投资、交易预期，促进财产的流通使用，促进经济社会持续健康发展和国家长治久安。 ②建立财产权保护的长效机制，保护财产权，就是保护劳动、保护发明创造、保护和发展生产力，贯彻创新驱动发展战略，增强各类经济主体创新创业动力，促进经济高质量发展。 ③完善产权制度，促"
"2024海淀期中","21(2)","选必一《当代国际政治与经济》","main","2024海淀期中细则.pdf","included","选必一材料-触发-答题点总框架.md#23-中国外交的变与不变","细则明确新中国外交阶段、和平与发展、联合国体系、国家安全和主权独立、外交政策","none","2024海淀期中细则.pdf","rubric","C:\Users\Administrator\Desktop\2024各区模拟题\2024各区期中\2024海淀期中\细则\2024海淀期中细则.pdf","rubric-or-scoring-context","Can support hard rubric wording after separating scoring rules from answer prose.","评分|细则|标准|给分|得分|替代|说明|赋分|分）","参考答案","[PAGE 1] 海淀区小学教师在线研修课程 2024-11-08 [PAGE 2] ➢指导思想： 以习近平新时代中国特色社会主义思想为指导，贯彻党的二十大及历次全会精神和 新时代学校思政课建设推进会精神，全面贯彻党的教育方针，落实立德树人根本任务， 体现新时代教育评价改革要求，紧扣重大主题，坚持素养评价、精神塑造、价值引领相 统一。 ➢命题意图： 检测与评价、激励与发展。对高三学生的学习现状进行定量分析，为改进学科教学、 复习备考提供参考。 ➢命题依据：课程标准，部编教材，相关文件要求。 [PAGE 3] 必修2 必修3 选择性必修1 合计 客观题题号 1-6 7-11 12-15 1-15 主观题题号 16（1）、17、 20 18、19、21（1） 16（2）、 21（2） 16-21 必修2 必修3 选择性必修1 合计 客观题分值 18 15 12 45 主观题分值 19 21 15 55 合计 37 36 27 100 [PAGE 4] A B C D 选择数 选择率 选择数 选择率 选择数 选择率 选择数 选择率 375 6.59 4001 70.29 222 3.9 10"
"2025海淀二模","21","选必一《当代国际政治与经济》","main","2025海淀二模细则.docx","included","选必一材料-触发-答题点总框架.md#22-中国作为最大发展中国家国际政治经济格局重要力量; #30-中国需要联合国联合国需要中国","细则明确联合国地位、多边主义最佳场所、中国开展多边合作平台、中国维护联合国体系","none","2025海淀二模细则.docx","rubric","C:\Users\Administrator\Desktop\2025各区模拟题\2025各区二模\2025海淀二模\细则\2025海淀二模细则.docx","rubric-or-scoring-context","Can support hard rubric wording after separating scoring rules from answer prose.","细则|给分|替代|分）|分)","","16题 17题 18题 1.回避 1分 2.被告...包装 1分 3.未经许可使用商标权/侵犯商标权((要和2对应)1分 4.……的材料/或书证、物证、证词类的例子 1分(要合理) 5.老字号 /知名度/无侵权(没有损害原告权益)/被告拥有的在先权利(要和4对应)1分 6.抢注/抢先注册/恶意注册/损害在先权利/用法条32条 1分 7.诚信/公平/守法和公序良俗/公序良俗 1分 8.市场秩序/营商环境/社会主义核心价值观/中华传统美德/公平竞争1分 9. 第一层 获得新知:学习了...法律知识/了解“行使权利有边界” 证据对诉讼得价值/了解法庭审理得内容和流程 第二层 感受公正:程序公正/结果公正/以事实为依据，法律为准绳/体现公正司法 第三层 体会价值:有利于维护老字号企业合法权益/有助于传承中华优秀传统美德/社会主义核心价值观/有助于维护良好市场秩序 备注:以上中三个层次4分，两个层次3分一个层次2分 19题 1、数字化/互联网/模式 1分 节约成本/便利交易/提高华农收入 1分 2、完善基础设施 /物流体系 1分 -扩大国际市场/推进高水平对外开放/落实开放发展理念1分 3、政府"
"2024朝阳一模","21","选必一《当代国际政治与经济》","main","2024朝阳一模细则.pptx","included","选必一材料-触发-答题点总框架.md#4-国家安全是最高国家利益","综合经济形势题；评分细则明确要求从政治多极化、经济全球化维度写总体国家安全观、主权安全发展利益、国际分工合作和高水平对外开放；只取选必一部分","none","2024朝阳一模细则.pptx","rubric","C:\Users\Administrator\Desktop\2024各区模拟题\2024各区一模\2024朝阳一模\细则\2024朝阳一模细则.pptx","rubric-or-scoring-context","Can support hard rubric wording after separating scoring rules from answer prose.","评分|细则|替代|说明|分）","示例","域当时广泛生长着竹子，以上推理成立。（ 2 分） 结合材料分析，踩意。 [ppt/slides/slide46.xml] 20 （ 2 ）示例： 前提 1: 只有 A 区域古代气候温暖， A 区域古代才有可能生长竹子。 前提 2:A 区域古代广泛生长着竹子 细则： 1 每个前提 2 分，共计 4 分，前提中要表达出 A 区域古代气候温暖是 A 区域古代生长竹子的必要条件； 2 前提中如果没有出现“古代”“当时”等严谨的时间表述扣 1 分。 [ppt/slides/slide47.xml] 1. 立意：科学认识我国当前经济形势，唱响中国经济光明论，驳斥错误言论。 2. 精准把握问题设计，分解问题： （ 1 ）我国当前经济形势是什么？ （ 2 ）如何在 变局 中推动中国经济发展？ 3. 概括 每张 资料卡的主旨 ，全面 认识 我国经济形势。 4. 针对 变局 （国际形势、外部环境），推动中国经济高质量发展。 [ppt/slides/slide48.xml] 参考示例： 进入新时代，我国经济长期向好的基本面没有变：经济总量持续增长、经济增速保持稳健，进入了以创新、协调、绿色、开放、共享的新发"
"2025门头沟一模","19","选必一《当代国际政治与经济》","main","2025门头沟一模细则.doc转换文本 + 教师版PDF题面/答案对读","included","选必一材料-触发-答题点总框架.md#24-赋能型大国","细则明确第19题运用《当代国际政治与经济》分析中国做赋能型大国的世界意义；包含经济全球化、中国责任、国际公共产品、全球治理和新型国际关系链条","none","2025门头沟一模细则.doc转换文本 + 教师版PDF题面/答案对读","rubric","C:\Users\Administrator\Desktop\2025各区模拟题\2025各区一模\2025门头沟一模\细则\2025门头沟一模细则.doc","rubric-or-scoring-context","Can support hard rubric wording after separating scoring rules from answer prose.","评分|细则|标准|给分|阅卷|说明|分）","","第16题评分细则 1.仅从文化角度分析给4分（出现如下关键词中的任意1个得1分，但最高得4分）。 ——创造性转化创新性发展、满足人民的文化权益、文化传承与创新、增强文化自信、文化认同、文化反作用于经济、其它言之有理的关键词。 2.又能从哲学的角度分析加2分（能出现如下哲学原理中的任意1个且能结合材料进行分析即可）。 ——联系的观点看问题、发展的观点看问题、对立统一的观点看问题（文化传承与科技创新之间存在矛盾，但数字化转型实现了二者的统一，既保护和传承了文化，又借助科技实现了创新）、价值判断和价值选择的标准（符合社会发展的需求，满足了人们对文化生活的更高追求）。 17细则： 1.全过程人民民主/3最/协商民主是社会主义民主特有形式和独特优势/国体等 1分 2.民主集中制/人大与人民/人大与其他国家机关关系 1分 3.政协职能，必须有政治协商或参政议政 1分 中国共产党与各民主党派长期共存、互相监督、肝胆相照、荣辱与共的关系 1分 4.5民主，必须要出现民主协商 /多元主体共建共治、共商共享/保障4权/直接行使民主权利 1分 党和党员作用/4个自我等不给分 国家治理体系治理能力现代化 可适"
"2025朝阳二模","21","选必一《当代国际政治与经济》","main","2025朝阳二模细则.docx","included","选必一材料-触发-答题点总框架.md#25-周边工作新局面","细则明确运用《当代国际政治与经济》说明开创周边工作新局面；按中国、区域、世界三个主体回填周边外交、区域贸易投资自由化便利化、新型国际关系、国际关系民主化和命运共同体","none","2025朝阳二模细则.docx","rubric","C:\Users\Administrator\Desktop\2025各区模拟题\2025各区二模\2025朝阳二模\细则\2025朝阳二模细则.docx","rubric-or-scoring-context","Can support hard rubric wording after separating scoring rules from answer prose.","评分|细则|给分|阅卷|说明|分）","参考答案","摄像头不能超出合理范围，在安装摄像头可能会给孙女士的隐私等合法利益造成侵害的情况下，安装前应当尽到妥善的注意义务。 | 刘先生和孙女士作为不动产的相邻权利人应当按照有利生产、方便生活、团结互助、公平合理的原则，正确处理相邻关系。 | （2）（2分） | 建议刘先生在及时拆除摄像头，并清除已拍摄的孙女士及家人的视频信息。 || 评分细则、答案变通说明： | （1）（8分） | ①定性 | 刘先生侵犯了孙女士的隐私权，2分 | 注意：隐私权，如果字写错了，不给分。比如，侵、稳等。 | 必须是在侵权框架内才给分 | 应当承担侵权责任。 1分 | ②确权——共有 | 根据民法典的规定/楼道属于双方各自专有部分以外的共有部分，双方享有共有和共同管理的权利。 1分 | ③解释隐私权 | 摄像头拍摄到的孙女士家的日常进出信息 事实分析1分 | 注：事实部分，不能说照到家门口、或者拍到信息，就给分。要有材料中的“日常出行规律及其他动态信息”才给分。 | ④分析过错 | 刘先生主观上具有过错 1分 | 刘先生虽有权保障自身财产安全，但安装设备范围、功能已超出必要限度。/ | 刘先生使用摄像头超出合理范围"
"2025西城二模","21(2)","选必一《当代国际政治与经济》","main","2025西城二模细则.docx","included","选必一材料-触发-答题点总框架.md#24-赋能型大国","细则明确中国对最不发达国家零关税、开放中国市场、共享发展机遇，落到中国担当、普惠包容经济全球化、开放型世界经济、共同发展和持久和平","none","2025西城二模细则.docx","rubric","C:\Users\Administrator\Desktop\2025各区模拟题\2025各区二模\2025西城二模\细则\2025西城二模细则.docx","rubric-or-scoring-context","Can support hard rubric wording after separating scoring rules from answer prose.","评分|细则|标准|说明|分）","示例","西 城 区 高 三 模 拟 测 试 试 卷 思想政治答案及评分参考 2025.5 第一部分共 15 题，每题 3 分，共 45 分。 1．A 2．D 3．A 4．C 5．B 6．C 7．C 8．D 9．D 10．C 11．A 12．B 13．A 14．D 15．B 第二部分共 5 题，共 55 分。 16．（14分） （1）（6分）可从尊重规律、正确发挥主观能动性、具体问题具体分析、树立正确的生态价值观等角度作答。 如：角度1：把发挥主观能动性与尊重客观规律相结合。规律是客观的，人们正确发挥意识的能动作用，认识和把握自然规律，有效地指导生态保护的实践，把废弃水井变成了动物乐园。 角度2：具体问题具体分析。在矛盾普遍性原理的指导下，分析矛盾的特殊性，找到解决问题的办法。管理处工作人员充分利用村落遗址的条件，具体分析不同体型动物的需求特点，营造攀爬台阶和蓄水池，化不利为有利，实现了生态保护的目的。 角度3：发挥价值观的导向作用。价值观对人们认识改造世界的活动有重要的导向作用，影响人们对事物的评价和行为选择。工作人员树立了人与自然和谐的生态价值观，尊重自然、保护自然，有效保护了生物多样性。 "
"2026丰台一模","19","选必一《当代国际政治与经济》","main","2026丰台一模细则.pptx","included","选必一材料-触发-答题点总框架.md#26-全球可持续发展","细则明确用《当代国际政治与经济》说明中国在全球可持续发展中的大国情怀与担当，采联合国2030议程、多边主义、共商共建共享全球治理观和负责任大国贡献","none","2026丰台一模细则.pptx","rubric","C:\Users\Administrator\Desktop\2026各区模拟题\2026各区一模\2026丰台一模\细则\2026丰台一模细则.pptx","rubric-or-scoring-context","Can support hard rubric wording after separating scoring rules from answer prose.","评分|细则|标准|给分|不得分|得分|阅卷|说明|分）","参考答案|示例","期第一次练习 —— 主观题阅卷说明 [ppt/slides/slide10.xml] 四、学生 问题及建议 知识和材料不对应， 分析不到位 [ppt/slides/slide11.xml] 四、学生 问题及建议 1. 明确模块范围，注意 兼顾 哲学与文化。 2. 审准设问，加强材料关键信息的提取训练，围绕主要观点进行 作答。 3. 多角度展开，规范使用学科术语，训练作答逻辑（整体逻辑框架和某一维度的 表述） 4. 深刻 理解哲学原理， 通过训练 提高精准选用哲学观点的能力。 [ppt/slides/slide12.xml] 五、复 练试题 [ppt/slides/slide13.xml] 五、复 练试题 [ppt/slides/slide14.xml] 一、试题分析 知识板块：政治与法治 能力板块：解释与论证 在 法治轨道上推进新时代生态文明建设，全面推进美丽中国建设，加快推进人 与 自然和谐共生的现代化，实现永续发展。 [ppt/slides/slide15.xml] 立法过程 法典内容 宣告了什么？（侧重理念） 规划了什么？（侧重实践） 材料逻辑 设问逻辑 起点 [ppt/slid"
"2026朝阳期中","17","选必一《当代国际政治与经济》","main","2026朝阳期中细则.docx","included","选必一材料-触发-答题点总框架.md#27-人工智能","细则明确处理自力更生与对外开放、发展与安全、中国发展与世界发展三组关系；只回填国际合作、经济全球化、开放型经济、国家安全和公共产品部分","none","2026朝阳期中细则.docx","rubric","C:\Users\Administrator\Desktop\2026各区模拟题\2026各区期末和期中\2026朝阳期中\细则\2026朝阳期中细则.docx","rubric-or-scoring-context","Can support hard rubric wording after separating scoring rules from answer prose.","评分|细则|标准|阅卷|分）","","北京市朝阳区2025-2026学年度第一学期期中质量监测 高三思想政治主观题阅卷细则 16.结合材料，运用《经济与社会》知识，分析绿色金融“点绿成金”对我国经济高质量发展的驱动作用。（8分） 绿色金融锚定新发展理念，为经济高质量发展注入可持续动力。 绿色信贷：以绿色转型推动产业升级 2分（材料分析1分+驱动作用1分） 发挥绿色信贷赋能企业发展优势，助力传统产业节能减排、向循环经济转型，既提高资源利用效率、落实生态保护，也促进传统产业与绿色发展模式的协同升级，为经济高质量发展筑牢绿色产业基础。 绿色保险：以风险保障激活创新动能 2分（材料分析1分+驱动作用1分） 推广绿色保险金融产品，为绿色能源等项目提供风险保障，稳定市场对绿色产业的投资预期，为企业在绿色技术研发、模式创新等方面提供更稳定的环境，助力绿色产业持续壮大。 绿色债券：以融资支持带动协同共享 2分（材料分析1分+驱动作用1分） 绿色债券为新能源企业提供融资渠道和途径选择，有助于完善基础设施建设和提升企业自主创新能力，带动绿色产业链发展，创造大量就业岗位，让产业发展成果惠及更多群体。 绿色金融：以资源优化助力绿色发展 2分 （材"
"2025朝阳期末","21","选必一《当代国际政治与经济》","main","2025朝阳期末讲评/细则文本","included","选必一材料-触发-答题点总框架.md#28-中国特色大国外交","细则明确用《当代国际政治与经济》说明中国特色大国外交如何为中国式现代化营造外部环境，覆盖外交政策、总体国家安全观、世界多极化、联合国体系和经济全球化","none","2025朝阳期末讲评/细则文本","rubric","C:\Users\Administrator\Desktop\2025各区模拟题\2025各区期末\2025朝阳期末\细则\2025朝阳期末细则.pdf","rubric-or-scoring-context","Manual rg inspection confirmed OCR scoring/rubric context; separate scoring rules from answer prose.","manual-confirmed","","写 出 車 0 乙 的 话 尔 符 谷 嫔 芮 的 符 逗 辑 要 点 2 ： 甲 的 话 ： 要 点 3 ： 乙 的 话 ： 要 点 4 ： 丙 的 话 ： 20 ， （ 10 分 ） 能 够 与 鴟 不 可 错 误 违 反 了 排 中 伺 时 否 定 了 蜘 非 »( № 不 能 同 瘕 必 有 0 ） ， 应 该 结 合 材 料 说 阳 能 够 写 一 属 予 自 相 矛 盾 违 反 饣 茅 不 律 同 时 肯 定 了 怔 和 非 能 同 真 宓 有 二 假 的 应 该 结 合 材 料 说 明 能 够 写 出 然 喱 符 谷 段 论 的 推理规跹@可河出羥以则》 推 理 前 真 卖 推 理 构 毋 确 能 运 用 侵 权 责 任 、 过 错 责 任 等 知 识 ， 从 法 律 依 据 、 法 律 事 实 、 法 律 责 任 等 层 面 作 答 。 阅 卷 前 制 定 的 参 考 答 案 ： 能 迲 角 侵 这 责 过 错 聋 在 等 知 慎 《 从 法 律 依 巛 法 律 事 实 0 律 责 任 等 原 面 作 答 《 理 由 ： ． 原 告 凭 借 对 外 授 权 “ 拥 堵 "
"2026延庆一模","21(2)","选必一《当代国际政治与经济》","main","2026延庆一模细则.docx","included","选必一材料-触发-答题点总框架.md#29-绿色能源国际合作","细则明确绿色能源国际合作与全球能源治理，采共同利益、一带一路、经济全球化、共商共建共享全球治理观、新型国际关系和人类命运共同体","none","2026延庆一模细则.docx","rubric","C:\Users\Administrator\Desktop\2026各区模拟题\2026各区一模\2026延庆一模\细则\2026延庆一模细则.docx","rubric-or-scoring-context","Can support hard rubric wording after separating scoring rules from answer prose.","评分|细则|每个角度|替代|分）|分)","","延庆区2025-2026学年高三模拟试卷评分细则 思想政治 第一部分共15题，每题3分，共45分。 第二部分共5题 共55分。 16.（7分） 可从矛盾观、群众观点、矛盾特殊性、辩证否定观、文化的传承与创新等角度作答。 17. (8分) 坚持以人民为中心，聚焦停车、休闲等民生需求精准施策； 出台《北京市桥下空间使用管理办法》，以法治思维进行桥下空间治理；切实履行政府职能通过跨部门协同治理，统筹多部门推进工程，形成治理合力，提升政府治理效能；依托科技手段实现实时监测推进治理能力现代化，完善长效治理机制。 评分细则：理论1分+材料1分X4 理论：以人民为中心/人民满意；1分 法治政府建设/依法行政/法治思维；1分 职能科学；1分 智能高效；1分 18.（15分） （1）（8分） M公司涉嫌侵犯李某的肖像权、名誉权；侵犯消费者的知情权；进行虚假和引人误解的商业宣传，构成不正当竞争。 诉讼请求：停止侵害、赔偿损失、承担诉讼费用、赔礼道歉。 事实与理由：M公司未经李某允许，利用AI技术合成李某形象用于虚假直播营销活动，不当攫取流量。M公司的行为侵犯了李某的肖像权，虚假宣传也在一定程度上影响了李某"
"2026房山一模","19","选必一《当代国际政治与经济》","main","2026房山一模细则.docx","included","选必一材料-触发-答题点总框架.md#8-海南自贸港封关制度型开放","混合经济题，细则明确海南自贸港制度型开放、全球资源要素、贸易投资自由化便利化、国际循环、全球分工合作和普惠包容经济全球化；只回填选必一国际经济链","none","2026房山一模细则.docx","rubric","C:\Users\Administrator\Desktop\2026各区模拟题\2026各区一模\2026房山一模\细则\2026房山一模细则.docx","rubric-or-scoring-context","Can support hard rubric wording after separating scoring rules from answer prose.","细则|得分|阅卷|说明|赋分|分）","答案示例|示例","民法治观念/普法宣传/全民守法 ♣1分 AI行业：规范AI行业发展/促进技术创新/积极承担社会责任/经济效益与社会效益统一/为AI行业发展营造良好的法治环境 ♣1分 公正司法/为同类案件的审理提供了司法借鉴、依据 ♣1分 法治社会/法治中国/国家治理体系和治理能力的现代化 ♣1分弘扬践行社会主义价值观/中华优秀传统美德/依法治国和以德治国相结合 18.（1）答案示例（6分） 北京立足实践,坚持系统治理，统筹四大结构调整，实现整体推进；坚持久久为功，以日积月累推动空气质量稳步提升，实现从量变到质变；坚持精准施策，聚焦重点领域，分区分类、“一企一策”，做到具体问题具体分析。 18（1）细则 （1+1）*3=6分 ♣2分 治理路径一：整体性/分析与综合/联系/系统优化 ♣2分 治理路径二：矛盾分析法/具体问题具体分析/两点论与重点论统一/分析与综合 ♣2分 治理路径三：动态性/质量互变/发展 ♣1分 立足实践/注重实践 总分值不超过6分 18（2）答案示例（8分） 坚持党的领导，编纂生态环境法典提供根本政治保证；立足建设美丽中国的国情实际，聚焦生态环境治理重点，立良善之法，立管用之法；遵循法"
"2026朝阳期末","19","选必一《当代国际政治与经济》","main","2026朝阳期末细则.pdf OCR render page_003","included","选必一材料-触发-答题点总框架.md#8-海南自贸港封关制度型开放","System.Object[]","none","2026朝阳期末细则.pdf OCR render page_003","rubric","C:\Users\Administrator\Desktop\2026各区模拟题\2026各区期末和期中\2026朝阳期末\细则\2026朝阳期末细则.pdf","rubric-or-scoring-context","Manual rg inspection confirmed OCR scoring/rubric context; separate scoring rules from answer prose.","manual-confirmed","","为 结 合 材 料 进 行 言 之 有 理 的 说 明 （ 涉 及 知 识 ： 教 材 第 41 页 ， 如 果 没 有 前 一 种 事 物 情 况 就 一 定 没 有 后 一 种 事 物 情 况 ， 前 一 种 悄 况 就 是 后 一 种 悄 况 的 必 要 条 件 。 ） 赋 分 点 1 ： 乙 的 推 理 正 确 ， 1 分 （ 两 个 都 判 断 错 了 ， 有 详 细 分 析 的 酌 情 给 一 点 分 ） 赋 分 点 2 ： 乙 的 推 理 前 提 正 确 （ 真 实 ), 而 且 结 构 正 确 ， 符 合 逻 辑 规 则 。 1 分 可 以 替 换 为 指 明 其 是 充 分 条 件 赋 分 点 3 ： 进 行 充 分 条 件 假 言 推 理 ， 如 果 肯 定 了 假 言 判 断 的 前 件 ， 结 论 就 可 以 肯 定 假 言 判 断 的 后 件 。 ] 分 可 以 替 换 为 肯 定 前 件 式 賦 分 点 4 ： 结 合 法 条 说 明 “ 对 他 人 提 供 的 严 重 失 实 内 容 禾 尽 到 合 理 核 实 义 务 "" 是 承 担 侵 权 资 任 的 "
"2026东城期末","20","选必一《当代国际政治与经济》","main","2026东城期末细则.pptx","included","选必一材料-触发-答题点总框架.md#14-四大全球倡议全球治理倡议","System.Object[]","none","2026东城期末细则.pptx","rubric","C:\Users\Administrator\Desktop\2026各区模拟题\2026各区期末和期中\2026东城期末\细则\2026东城期末细则.pptx","rubric-or-scoring-context","Can support hard rubric wording after separating scoring rules from answer prose.","细则|标准|说明|赋分|分）","示例","[ppt/slides/slide1.xml] 2025-2026A 东城高三政治期末 选择题详解 2026.1 [ppt/slides/slide10.xml] ① ② ③ ④ ④ √ ① √ → ③ × ④ × → ② × ① √ ③ √ 矛盾关系 必有一真一假 4 句话仅有 1 句是真的，必然出在吴老师 / 王老师中，因此周老师和郑老师说的都是假话。 周老师为假：④ × （人机赛跑不会达标） 郑老师为假：④ × 且②√（人机赛跑不会达标， AI 主题闯关会达标） 保真：④ × 且②√ 保假： ④√ 或 ② × ① √ ② × ③√ ①√ ②√ ③ × ②√ ④ × [ppt/slides/slide11.xml] 第 7 题解析：四位老师的发言中，吴老师和王老师的发言形成矛盾关系，必有一真一假。四位老师只有一位预测为真，因此周老师和郑老师预测都为假。 周老师预测为假，则真实结果为“人机赛跑”不达标；郑老师预测为假，则真实结果是“人机赛跑”不达标，且“ AI 主题闯关”达标。 那么设问要求“不可能为真”的情况是“人机赛跑”达标或“ AI 主题闯关”不达标。只有 A 选项“‘ AI "
"2024东城二模","20","选必一《当代国际政治与经济》","main","20小题二模阅卷总结.docx","included","选必一材料-触发-答题点总框架.md#14-四大全球倡议全球治理倡议","三大倡议评分链明确路径+效果+总论，属于当代国际政治与经济硬评分源","none","20小题二模阅卷总结.docx","rubric","C:\Users\Administrator\Desktop\2024各区模拟题\2024各区二模\2024东城二模\细则\2024东城二模细则\21题\21.docx","rubric-or-scoring-context","Can support hard rubric wording after separating scoring rules from answer prose.","细则|阅卷|赋分|分）","参考答案|示例","高三政治一模阅卷总结 2024.4.10 组长： 赵赛 || 组长： 赵赛 || 题号与设问：21.实现中华民族伟大复兴进入了不可逆转的历史进程。结合材料，综合运用所学，分析以上战略性有利条件在这一历史进程中是如何发挥作用的。（7分） || 题号与设问：21.实现中华民族伟大复兴进入了不可逆转的历史进程。结合材料，综合运用所学，分析以上战略性有利条件在这一历史进程中是如何发挥作用的。（7分） || 题号与设问：21.实现中华民族伟大复兴进入了不可逆转的历史进程。结合材料，综合运用所学，分析以上战略性有利条件在这一历史进程中是如何发挥作用的。（7分） 参考答案 || 可从中国共产党的领导、中国特色社会主义制度优势、中华民族精神等角度回答。 | 等级赋分（7分） || 可从中国共产党的领导、中国特色社会主义制度优势、中华民族精神等角度回答。 | 等级赋分（7分） || 可从中国共产党的领导、中国特色社会主义制度优势、中华民族精神等角度回答。 | 等级赋分（7分） || 可从中国共产党的领导、中国特色社会主义制度优势、中华民族精神等角度回答。 | 等级赋分（7分） 试题分析 || 本题设问是"
"2025顺义一模","20","选必一《当代国际政治与经济》","main","2025顺义一模细则.docx","included","选必一材料-触发-答题点总框架.md#17-中非合作全球南方南南合作","小而美发展合作项目，细则明确正确义利观、共商共建共享、大国担当、开放包容普惠经济全球化和国际关系民主化","none","2025顺义一模细则.docx","rubric","C:\Users\Administrator\Desktop\2025各区模拟题\2025各区一模\2025顺义一模\细则\2025顺义一模细则.docx","rubric-or-scoring-context","Can support hard rubric wording after separating scoring rules from answer prose.","评分|细则|给分|每个角度|替代|阅卷|说明|赋分|分）","参考答案","顺义区2025年高三统一测试参考答案（2025.3） 思想政治 第一部分 本部分共15题，每题3分，共45分。 1.A 2.C 3.B 4.D 5.B 6.C 7.A 8.C 9.B 10.A 11.D 12.C 13B 14.D 15.A 第二部分 16.（8分） 可从联系、发展、矛盾、中华文化与中华文明、文化功能等角度作答。 文化角度：文化载体、文化功能、中华文化与中华文明、双创 双创——以文化载体承载中华优秀传统文化——创造性转化、创新性发展（转化为符合时代特点和要求的新内涵和新的呈现形式，如当代价值、《哪吒2》、黑悟空、唐宫夜宴等）——满足人民多样化、多层次、多方面的精神文化需求，增强文化自信 哲学角度：规律（文化发展规律）、联系（文化与科技融合）、发展（发展的普遍性、质量变）、矛盾（对立统一、普特关系）、价值观等 联系——文化与科技融合——借助3D建模、动态水墨等技术手段——展现中华文化与中华文明 发展——发展的普遍性——人类社会和人的认识都是不断发展的——“古老的”的优秀传统文化借助科技焕发新的生机与活力 矛盾——具体问题具体分析——“古老的”中华优秀传统文化，各具特色——"
"2025东城一模","20","选必一《当代国际政治与经济》","main","2025东城一模细则.pdf","included","选必一材料-触发-答题点总框架.md#5-共同利益是合作基础; #17-中非合作全球南方南南合作","元首外交、自贸协定、一带一路和全球南方；细则明确共同利益、高水平开放、经济全球化优化、全球治理和中国特色大国外交","none","2025东城一模细则.pdf","rubric","C:\Users\Administrator\Desktop\2025各区模拟题\2025各区一模\2025东城一模\细则\2025东城一模细则.pdf","rubric-or-scoring-context","Can support hard rubric wording after separating scoring rules from answer prose.","标准|替代|说明|分）","","友善的社会主义核心价值观； 守望相助、尊老敬老的中华优秀传统美德； 社会层面：社会和谐、良好的社会氛围、对社会的引领和示范作用 （注意：2 个点至少要出现1 次具体内容，如友善、守望相助、孝老爱亲等，如果没有任何 具体内容，该层最高2 分） （二）学生表现和问题 ①解决机制（1 分）： 学生问题：写“协商”、或写了多种方式且其中有错误，如“仲裁、诉讼”0 分 ②柳某与医院的案例（3 分） 学生问题： 1.主体不清，如表达为：维护其合法权益，规范其行为，不知道在说医院还是劳动者； 或者只强调有利于双方行使权利、履行义务，不分析本题情境，即更注重劳动者权利和义务 相统一。 2.强调维护劳动者合法权益，脱离了本题情境。 3.不使用“权利”“义务”等法律词汇分析意义，只从“诚信”一个角度大篇幅说明（材料 已给）。 ③顾氏三兄弟照顾老人案例（4 分） [PAGE 5] 学生问题： 1.没有写第一层“遗产管理制度”。忽视了材料中“遗产管理人”“分割决定书”以及表格 以案说法中“符合民法典”规定的信息，未从遗产分配、遗产管理的角度思考。 2.社会主义核心价值观/中华优秀传统美德/社会角度层次，不出现"
"2025房山一模","18(2)","选必一《当代国际政治与经济》","main","2025房山一模细则.pdf","included","选必一材料-触发-答题点总框架.md#24-赋能型大国中国以自身发展助力世界现代化","技术共享和国际合作题；细则明确开放型世界经济、经济全球化、联合国宗旨原则和全球治理","none","2025房山一模细则.pdf","rubric","C:\Users\Administrator\Desktop\2025各区模拟题\2025各区一模\2025房山一模\细则\2025房山一模细则.pdf","rubric-or-scoring-context","Can support hard rubric wording after separating scoring rules from answer prose.","细则|不得分|得分|替代|分）","示例","具有教育功能的场所是保护和传承人类文明的重要殿堂； 博物馆是具有教育功能的场所； 所以，博物馆是保护和传承人类文明的重要殿堂。 细则： 前提为真，推理结构正确（符合三段论基本规则）4 分 只写出前提（正确），没写结论3 分 其他错误不得分 （3）（4 分） 示例： ①运用发散思维中的借用方法，开发“考古探秘+角色扮演”沉浸式研学路线，感受西周建城历史， 打造多维体验。 [PAGE 2] ②运用逆向思维，对青铜器等文物的存在状态做转换性思考，利用AI 生成动态视频等，扩大年轻 群体关注度。 细则： 1.任一个思维+合理建议2 分；创新思维的三个特征角度提合理建议2 分，2 点4 分 2.两条建议能知识和建议结合，但不够严谨；有一个知识和建议结合较好，另一个没理论但建议合 理，知识堆砌、写很多点知识，建议结合不好，最高3 分； 3.有知识，但建议与知识不匹配，或建议空、大，或只对知识进行解释，2 分； 4.只有建议，没有知识，1 分 17.（8 分） 区委发挥总揽全局、协调各方的领导核心作用，打破部门壁垒；政府依法行政，坚持以人民为中心， 确定公共休闲空间等，履行公共服务、环境保护的职能；"
"2025延庆一模","20(2)","选必一《当代国际政治与经济》","main","2025延庆一模细则.docx","included","选必一材料-触发-答题点总框架.md#7-供应链成为国际合作的共赢链","全球产供链韧性与稳定、反脱钩断链、共同利益、高水平开放和经济全球化优化方向","none","2025延庆一模细则.docx","rubric","C:\Users\Administrator\Desktop\2025各区模拟题\2025各区一模\2025延庆一模\细则\2025延庆一模细则.docx","rubric-or-scoring-context","Can support hard rubric wording after separating scoring rules from answer prose.","细则|给分|替代|分）","示例","开征求意见是开门立法的重大实践，通过科学立法、民主立法、依法立法更好回应社会关切，凝聚共识，提高民营经济促进法立法质量。（2分） 不断完善涉及民营经济发展的法律法规体系，从法律层面明确民营经济的地位和作用，保障民营经济的合法权，为民营经济提供坚实的法治保障。（2分） 坚持党的领导、人民当家作主与依法治国有机结合，为民营经济提供了坚实的制度保障和良好的发展环境（2分） 细则：协商民主1分，结合材料分析1分（落脚在凝聚共识方面）；科学立法、民主立法、依法立法（可替代）1分，结合材料分析1分（落在共识或护航）。完善法律体系或从法律层面明确民营经济地位1分，结合材料分析1分（落在护航）。“有机结合”1分，材料分析1分（总括），只党的领导1分。 （7分） 答案：采用分析与综合、质量互变，辩证否定，矛盾分析法等 示例： 把握辩证分合，分析低空经济面临的各种问题，在分析的基础上综合加以认识，找出解决之策。（3分）把握辩证思维的整体性和动态性。（1分）坚持用联系、发展、矛盾的观点看问题。加强产业上下游企业之间的联系和合作，挖掘低空经济自身的优势，集中力量解决空域管理问题。（3分） 细则：辩证思维的特征"
"2025海淀期中","16(2)","选必一《当代国际政治与经济》","main","2025海淀期中细则.docx","included","选必一材料-触发-答题点总框架.md#12-产业发展题中的国际市场国际资源","企业出海混合经济题；只取国际市场、两种资源两个市场、经济全球化、国际组织和全球经济治理链","none","2025海淀期中细则.docx","rubric","C:\Users\Administrator\Desktop\2025各区模拟题\2025各区期末\2025海淀期中\细则\2025海淀期中细则.docx","rubric-or-scoring-context","Can support hard rubric wording after separating scoring rules from answer prose.","分）","","海淀区2024-2025学年高三年级第一学期期中练习 本部分共15题，每题3分，共45分。 本部分共6题，共55分。 16．（11分） （1）可从生产技术、产品质量、消费方式、市场需求等角度回答。 （2）咖啡企业应客观看待“出海”的机遇与挑战，制定正确的经营战略，重视对海外市场的考察研究，在充分了解市场信息的基础上，通过提高自主创新能力形成自己的竞争优势。政府可以通过税收优惠等政策鼓励、支持企业积极参与经济全球化，充分利用国际国内两种资源、两个市场，打造稳定供应链，降低生产成本。面对国际贸易中出现的贸易摩擦，我国政府和企业要共同携手，充分利用国际组织赋予的权利，积极参与全球经济治理和规则制定，为企业“出海”营造良好的国际环境。 17．（6分） 财政补贴、税收优惠等政策有助于降低瞪羚企业经营成本，增强企业的创新活力和投资积极性。融资支持政策有助于降低瞪羚企业融资成本，帮助企业解决资金问题，扩大生产规模，推动企业快速发展。人才引进支持政策有助于瞪羚企业吸纳更多高素质人才，提高生产技术水平和研发能力，不断培育竞争新优势。 18．（8分） “五民工作法”启示我们发展基层民主要坚持党的领导，发挥"
"2025昌平二模","21","选必一《当代国际政治与经济》","main","2025昌平二模细则.pptx","included","选必一材料-触发-答题点总框架.md#9-外商投资条例全球服务伙伴计划数据出境负面清单通关模式创新","稳外资行动方案；细则明确吸引外资、国际营商环境、两种资源两个市场、开放合作平台和全球经济治理话语权","none","2025昌平二模细则.pptx","rubric","C:\Users\Administrator\Desktop\2025各区模拟题\2025各区二模\2025昌平二模\细则\2025昌平二模细则.pptx","rubric-or-scoring-context","Can support hard rubric wording after separating scoring rules from answer prose.","评分|细则|给分|得分|替代|说明|分）","","分） [ppt/slides/slide13.xml] 关于AI作品权利归属问题，著作权法规定著作权人限于自然人、法人或非法人组织，AI不能成为著作权主体。 李某使用人工智能软件制作的图片，具备“智力成果”和“独创性”要件，受到著作权法保护，享有著作权。 刘某未经许可将其作为配图使用且抹去水印侵害了李某的信息网络传播权和署名权，属于侵权行为，应承担侵权责任。 评分细则： ● 著作权法规定著作权人限于自然人、法人或非法人组织，李某使用人工智能软件制作的图片，具备“智力成果”和“独创性”要件，受到著作权法保护。（法律依据： 法律保护著作权 角度 ，1分 。替代：著作权法规定 著作权人对其作品享有广泛的权利） ●刘某未经许可将其作为配图使用且抹去水印 侵害了李某的 信息网络传播权 和 署名权 （二选一， 1 分） ●能够结合材料 说出 李某虽然使用了 ai ，但具备 “ 智力成果 ” 和 “ 独创性 ” 要件，受到著作权法保护，享有著作权 （围绕争议，结合材料论述） ， 或 鼓励创新 （阐述意义） （ 1 分） （言之成理即可得分，但不重复给分。） [ppt/slides/slide14.x"
"2025西城期末","20(2)","选必一《当代国际政治与经济》","main","2025西城期末细则.pdf","included","选必一材料-触发-答题点总框架.md#12-产业发展题中的国际市场国际资源","汽车出口和贸易壁垒；细则明确国际规则、国际组织权利、出口市场多元化、走出去和贸易壁垒应对","none","2025西城期末细则.pdf","rubric","C:\Users\Administrator\Desktop\2025各区模拟题\2025各区期末\2025西城期末\细则\2025西城期末细则.pdf","rubric-or-scoring-context","Can support hard rubric wording after separating scoring rules from answer prose.","评分|给分|说明|分）|分)","","就是对立统一，要一分为二辩证看问题，技术恐惧具有两面性。 人们对技术的担心、质疑，一方面抵制着技术进步，也从另一方面促使新技术及其配 套的政策法规不断完善，推动新事物发展； 或矛盾具有普遍性，面对新技术带来的问题，应坚持问题导向，敢于直面矛盾， 积极寻找正确方法解决矛盾，应承认矛盾热情支持和保护新事物，促使其成长壮大； 角度4-价值选择 价值观具有导向作用/正确价值判断和价值选择要符合客观规律，符 合人民的根本利益，科技要以人为本，要关注受技术变革冲击的群体，既要有科学精 神又要有人文关怀等。 评阅解析：等级 3-5-7 要求从三个维度或从三个原理分析说明（理想答案：为什么-辩证看-怎么办） 3 分 以上任意一个角度，哲学原理1 分，对应分析1 分，扣题深入解释1 分 哲学原理一点深入3 分，有技术恐惧的情境但不能分析解释得2 分 5 分 以上任意两个角度，至少一点深入，得5 分 6-7 分 以上任意三个角度，至少一点深入，有逻辑 罗列知识，出现以上原理的，每个原理给1 分，不超过3 分； 答题写出技术恐惧，情境给1 分 如果没有恰当的原理，只写出意识、社会意识的，总分不给0 分，给1"
"2026房山一模","16(1)","选必一《当代国际政治与经济》","main","2026房山一模细则.docx","included","选必一材料-触发-答题点总框架.md#9-外商投资条例全球服务伙伴计划数据出境负面清单通关模式创新","口岸数字化和外贸龙头混合经济题；只取跨境制度成本、贸易自由便利、共建一带一路和高水平开放链","none","2026房山一模细则.docx","rubric","C:\Users\Administrator\Desktop\2026各区模拟题\2026各区一模\2026房山一模\细则\2026房山一模细则.docx","rubric-or-scoring-context","Can support hard rubric wording after separating scoring rules from answer prose.","评分|细则|阅卷|说明|赋分|分）","参考答案|答案示例|示例","房山高三政治一模评分细则 16（1）参考答案： 依托区位优势，为构建新发展格局，推动经济高质量发展贡献力量。通过口岸数字化转型、培育外贸龙头企业等措施，发展开放型经济，不断推进高水平对外开放；形成“以绿制绿”产业新生态，培育新质生产力，完整准确全面贯彻绿色发展理念，建设美丽中国；发展农业特色产业，以产业振兴推动推动乡村振兴；培育文化新业态新模式，以新供给创造新需求，激发消费潜力，满足人民美好生活需要，实现共享发展。 16（1）细则（1+1）*3+1=7 依托区位优势，为构建新发展格局，推动经济高质量发展贡献力量（1分） （任写出3条6分） ♣2分【政府/市场→开放】 政府履行公共服务、市场监管经济职能/，发挥市场在资源配置的决定性作用/降低跨境制度性成本、促进贸易自由化便利化→建设贸易强国/共建“一带一路”高质量发展/高水平对外开放/开放发展 ♣2分【产业、企业→供给】推动产业结构优化升级/企业发挥科技创新主体作用→培育新质生产力/供给侧结构性改革 ♣2分 【新发展理念】完整准确全面贯彻创新/绿色/开放等新发展理念→加快产业智能化、绿色化转型发展培育新业态新产业→ 建设美丽中国 ♣2分"
"2026西城一模","20(2)","选必一《当代国际政治与经济》","main","2026西城一模细则.docx","included","选必一材料-触发-答题点总框架.md#7-供应链成为国际合作的共赢链; #20-亚太合作共同开放包容","中国-东盟自贸区3.0；细则明确标准规则降成本、贸易投资自由便利、供应链协同、发展中国家话语权和全球经济治理改革","none","2026西城一模细则.docx","rubric","C:\Users\Administrator\Desktop\2026各区模拟题\2026各区一模\2026西城一模\细则\2026西城一模细则.docx","rubric-or-scoring-context","Can support hard rubric wording after separating scoring rules from answer prose.","细则|标准|给分|不得分|得分|每个角度|说明|分）|分)","","分 结合法条内容，分析合理 1分 ●意义价值（2分） 平衡个人利益和生态公共利益/公共利益/社会利益 1分 促进资源开发利用绿色转型/推动可持续发展/节约资源保护环境 1分 18.运用《经济与社会》知识，解释该一揽子政策对稳定经济运行的作用。(7分) 【细则】 ●直接作用（5分） 降低中小微企业融资成本/减轻企业贷款压力 1分 分担信贷风险 1分 破解企业融资难题与金融机构放贷顾虑/提高企业贷款意愿 1分 稳定重点产业链/促进产业结构优化升级 1分 ●联动效果（3分） 引导金融资源和社会资金向实体经济集聚 1分 优化资源配置/保障就业/扩大内需/促进供给侧结构性改革/促进非公经济发展/激发市场主体活力 （任意2点2分） 19（1）遵循民主程序要求，将右图最后一环节补充完整。（1分） 【细则】 与民主监督相关，如民主监督/村民监督/民众监督/民主督事/共同监督事的实施/村民监事/监督权、民主评议等。 （2）结合材料，运用《政治与法治》知识，谈谈“云端+院落夜话”议事机制是如何破解“一连串难题”的。（7分） 【细则】 ①坚持党的领导/村党委领导/发挥基层党组织战斗堡垒作用 1分（党员先锋作"
"2024西城一模","19(6)","选必一《当代国际政治与经济》","main","2024西城一模细则.docx","included","选必一材料-触发-答题点总框架.md#11-未来产业国际科创合作产业链韧性","未来产业国际市场与国际竞争；细则明确两个市场两种资源、技术合作、国家安全、贸易规则话语权和制度型开放","none","2024西城一模细则.docx","rubric","C:\Users\Administrator\Desktop\2024各区模拟题\2024各区一模\2024西城一模\细则\2024西城一模细则.docx","rubric-or-scoring-context","Can support hard rubric wording after separating scoring rules from answer prose.","细则|标准|给分|得分|每点|替代|赋分|分）","答案示例|示例","从以下角度作答：生态价值观，构建人与自然生命共同体，人与自然和谐共生的现代化，实践与认识，客观规律与主观能动性，联系与发展，对立统一，否定之否定；等等。 【附中版补充】①出三个知识点，每个知识点3（2理论+1材料）分； ②如果没有出现“是为怎”三个层面中的两个层面，则扣2分； ③怎么做角度如果未出“价值观”，则扣1分； 18．（8分） （1）依据诉讼法规定的回避制度，当书记员有下列情形之一的，当事人有权申请其回避：是本案当事人或者当事人、诉讼代理人近亲属的；与本案有利害关系的；与本案当事人、诉讼代理人有其他关系（比如师生、同学、朋友等），可能影响对案件公正审理的。书记员接受当事人、诉讼代理人请客送礼，或者违反规定会见当事人、诉讼代理人的，当事人有权要求他们回避。考生可选择上述情形之一作答。（1分） 答案示例一：书记员小袁是被上诉人郭某三儿子的学生。 答案示例二：书记员小袁是被上诉人郭某二儿子的朋友。 （2）错误：辩护人。改为：诉讼代理人。（1分） （3）成年子女对父母有赡养的义务。（1分）赡养父母，要求子女经济上供养父母、生活上照料父母、精神上慰藉父母，照顾父母的特殊需要，使父母幸福安"
"2024丰台二模","18(3)","选必一《当代国际政治与经济》","main","2024丰台二模细则.docx","included","选必一材料-触发-答题点总框架.md#12-产业发展题中的国际市场国际资源","经济与社会角度混合题；只取对外开放、国内国际双循环、两个市场两种资源、比较优势和对外合作交流部分","none","2024丰台二模细则.docx","rubric","C:\Users\Administrator\Desktop\2024各区模拟题\2024各区二模\2024丰台二模\细则\2024丰台二模细则.docx","rubric-or-scoring-context","Can support hard rubric wording after separating scoring rules from answer prose.","评分|标准|给分|每个角度|采意|替代|说明|赋分|分）|分)","参考答案","意为居民服务。通过开展民主协商、民主管理、民主决策实践，多渠道倾听居民意见、多途径整合地区资源、多举措协调各方参与，形成了党建引领、多方共治、全民参与的基层多元共治格局，为群众排忧解难，共建和谐美丽社区，提升了基层治理效能。 【拓展答案】： 党总揽全局、协调各方替代在党组织的领导下； 坚持全过程人民民主替代开展民主协商、民主管理、民主决策实践； 一切为了人民、一切依靠人民、发展的成果有人民共享代替坚持以人民为中心。 评分标准说明：本题7分，评分坚持采点采意相结合。“党组织领导”1分，“坚持以人民为中心”1分，“开展民主协商、民主管理、民主决策实践”2分（答出两点即得2分），“多渠道倾听居民意见、多途径整合地区资源、多举措协调各方参与”1分（表述意思达成即得1分），“形成了党建引领、多方共治、全民参与的基础多元共治格局”1分，“为群众排忧解难，共建和谐美丽社区，提升了基层治理效能”1分（表述扣题、有传导路径并升华即得1分）。 17.运用《法律与生活》知识，结合上述案例分析民法典的相关规定对保护生态环境的作用。（8分） 参考答案：民法典规定的绿色原则为生态环境保护提供了基本遵循。在上述案例"
"2024西城二模","19","选必一《当代国际政治与经济》","main","2024西城二模细则.docx","included","选必一材料-触发-答题点总框架.md#16-同球共济共同应对全球问题","人类命运共同体和国际秩序题；细则明确利益交汇、全球协作、公正合理国际秩序、国际关系民主化和真正多边主义","none","2024西城二模细则.docx","rubric","C:\Users\Administrator\Desktop\2024各区模拟题\2024各区二模\2024西城二模\细则\2024西城二模细则.docx","rubric-or-scoring-context","Can support hard rubric wording after separating scoring rules from answer prose.","细则|给分|每点|采意|分）","","度与措施，强化各级人民政府的耕地保护职责，夯实粮食安全根基。（1分，二选一）人民法院公正司法，（2分）为保护土地资源安全、粮食安全和生态环境安全提供有力的司法服务和保障。（1分）最高人民法院利用典型案例宣传教育，（2分）增强保护农用地人人有责、破坏担责的法治意识，推动全社会共同守护耕地，维护中华民族永续发展的根基。（2分，多选一） 细则： 健全国家保护农用地的各项制度与措施，变通：法律体系、纳入法制轨道、有法可依 强化各级人民政府的耕地保护职责，变通：政府履行职能、政府依法行政（管理、治理、办事） 公正司法，变通：“事实为依据，法律为准绳” 利用典型案例宣传教育，替换：示范引领、发挥司法的规则引领与价值导向功能 法治意识，替换：全民守法、尊法 注：农用地包括耕地。国家出台法律、最高人民法院发布典型案例均为保护农用地。 （3）（6分） 国投集团发挥国有经济的主导作用，带动其他所有制经济，（1分，二选一）共同解决农业农村发展过程中的生产要素供给和配置问题。（1分）通过产业振兴服务国家乡村振兴战略和区域协调发展战略，结合各地资源禀赋开展投资，延展农业产业链，培育农村新产业新业态，（2分）可以"
